Model(SKU),Product Family/Collection,Product Category,Product Type,Product Title,Price US,Price CAN
4-10C,Bath,Mechanical Mixing Valves,,Symmons Mechanical Mixing Valve - Finish Product,97.2,110.95
S-71,Bath,Lavatory Faucets|Metering Faucets,,Symmons Metering Faucet without Temperature Selection (S-70 Series) - Finish Product,122.45,189.2
S-71-G,Bath,Lavatory Faucets|Metering Faucets,,Symmons Metering Faucet without Temperature Selection (S-70 Series) - Finish Product,148.75,209
S-72,Bath,Lavatory Faucets|Metering Faucets,,Symmons Metering Faucet without Temperature Selection (S-70 Series) - Finish Product,134.2,207.3
S-72-G,Bath,Lavatory Faucets|Metering Faucets,,Symmons Metering Faucet without Temperature Selection (S-70 Series) - Finish Product,160.5,227.3
S-73,Bath,Lavatory Faucets|Metering Faucets,,Symmons Metering Faucet without Temperature Selection (S-70 Series) - Finish Product,194.8,305.6
S-73-G,Bath,Lavatory Faucets|Metering Faucets,,Symmons Metering Faucet without Temperature Selection (S-70 Series) - Finish Product,221.1,325.4
S-74,Bath,Metering Faucets|Lavatory Faucets,,Symmons Metering Faucet without Temperature Selection (S-70 Series) - Finish Product,206.9,323.85
S-74-G,Bath,Metering Faucets|Lavatory Faucets,,Symmons Metering Faucet without Temperature Selection (S-70 Series) - Finish Product,233.1,343.6
CC,Bath,Miscellaneous Accessories,Traditional,Symmons Conversion Cover Plate - Finish Product,43.15,54.3
CC-STN,Bath,Miscellaneous Accessories,Traditional,Symmons Conversion Cover Plate - Finish Product,138.8,186.85
VB,Bath,Miscellaneous Accessories,Traditional,Symmons Vacuum Breaker - Finish Product,313.85,295.35
4-451,Bath,Diverter Valves,Transitional,Symmons Push-Button Diverter - Finish Product,151.7,180.7
4-440,Bath,Shower Arms and Head Brackets,Traditional,Symmons Extended Head Bracket - Finish Product,158.75,266.15
4-445,Bath,Shower Arms and Head Brackets,Traditional,Symmons Extended Head Bracket - Finish Product,167.85,266.15
HC-1,Bath,Grab Bars and Seats,,Symmons Shower Seat and Grab Bar - Finish Product,1960.8,2136.3
HC-2,Bath,Grab Bars and Seats,,Symmons Shower Seat and Grab Bar - Finish Product,1960.8,2136.3
HC-3,Bath,Grab Bars and Seats,,Symmons Shower Seat and Grab Bar - Finish Product,1863.9,2030.75
HC-4,Bath,Grab Bars and Seats,,Symmons Shower Seat and Grab Bar - Finish Product,1863.9,2030.75
4-135F,Bath,Showerheads,Traditional,Symmons 1 Mode Showerhead (Ball Joint Type) - Finish Product,58.15,68.7
4-137,Bath,Showerheads,Traditional,Symmons 1 Mode Showerhead (Ball Joint Type) - Finish Product,70.75,70.8
4-270F,Bath,Showerheads,Transitional,Symmons 1 Mode Showerhead (Ball Joint Type) - Finish Product,123.3,145.5
4-282F,Bath,Showerheads,Transitional,Symmons 1 Mode Showerhead (Ball Joint Type) - Finish Product,85.25,100.6
4-285F,Bath,Showerheads,Transitional,Symmons 1 Mode Showerhead (Ball Joint Type) - Finish Product,68.2,80.7
4-150,Bath,Showerheads,,Symmons 1 Mode Showerhead (Institutional Type) - Finish Product,159.4,188.35
4-150-15,Bath,Showerheads,,Symmons 1 Mode Showerhead (Institutional Type) - Finish Product,159.4,188.35
4-151,Bath,Showerheads,,Symmons 1 Mode Showerhead (Institutional Type) - Finish Product,312.75,369
4-295,Bath,Showerheads,,Symmons 1 Mode Showerhead (Institutional Type) - Finish Product,199.75,235.85
4-295-15,Bath,Showerheads,,Symmons 1 Mode Showerhead (Institutional Type) - Finish Product,199.75,235.85
4-385,Bath,Showerheads,,Symmons 1 Mode Showerhead (Institutional Type) - Finish Product,133.65,157.55
4-460,,,Transitional,Symmons Triple Outlet Diverter - Finish Product,171.6,238.45
7-1000,Bath,Thermostatic Water Controllers,,Symmons TempControl® Thermostatic Mixing Valve - Finish Product,2104.35,2683.45
7-1000-102-PRV,Bath,Thermostatic Water Controllers,,Symmons TempControl® Hi-Low Thermostatic Mixing Valve and Piping System - Finish Product,6486.7,6975.2
7-1000-200-PRV,Bath,Thermostatic Water Controllers,,Symmons TempControl® Hi-Low Thermostatic Mixing Valve and Piping System - Finish Product,6755.4,7260.05
7-1000A,Bath,Thermostatic Water Controllers,,Symmons TempControl® Thermostatic Mixing Valve and Piping Assembly - Finish Product,3399,3478.05
7-1000B,Bath,Thermostatic Water Controllers,,Symmons TempControl® Thermostatic Mixing Valve and Piping Assembly in Cabinet - Finish Product,4274.95,4228.45
7-1000B-102-PRV,Bath,Thermostatic Water Controllers,,Symmons TempControl® Hi-Low Thermostatic Mixing Valve and Piping System in Cabinet  - Finish Product,8543.55,9141.7
7-1000B-200-PRV,Bath,Thermostatic Water Controllers,,Symmons TempControl® Hi-Low Thermostatic Mixing Valve and Piping System in Cabinet - Finish Product,8648.75,9258.55
7-1000BW,Bath,Thermostatic Water Controllers,,Symmons TempControl® Thermostatic Mixing Valve and Piping Assembly in Cabinet with Cold Water By-pass - Finish Product,5422.8,5598.45
7-1000NW,Bath,Thermostatic Water Controllers,,Symmons TempControl® Thermostatic Mixing Valve Replacement Cartridge - Finish Product,1289.55,1418.5
7-102,Bath,Thermostatic Water Controllers,,Symmons TempControl® Thermostatic Mixing Valve - Finish Product,914.95,1048.8
7-102A,Bath,Thermostatic Water Controllers,,Symmons TempControl® Thermostatic Mixing Valve and Piping Assembly - Finish Product,1242.3,1666.3
7-102B,Bath,Thermostatic Water Controllers,,Symmons TempControl® Thermostatic Mixing Valve and Piping Assembly in Cabinet - Finish Product,2412,2323.55
7-102NW,Bath,Thermostatic Water Controllers,,Symmons TempControl® Thermostatic Mixing Valve Replacement Cartridge - Finish Product,874.95,962.4
7-200,Bath,Thermostatic Water Controllers,,Symmons TempControl® Thermostatic Mixing Valve - Finish Product,937.15,1097
7-200-102-PRV,Bath,Thermostatic Water Controllers,,Symmons TempControl® Hi-Low Thermostatic Mixing Valve and Piping System  - Finish Product,4087.7,4347.65
7-200A,Bath,Thermostatic Water Controllers,,Symmons TempControl® Thermostatic Mixing Valve and Piping Assembly - Finish Product,1645.45,1758.3
7-200B,Bath,Thermostatic Water Controllers,,Symmons TempControl® Thermostatic Mixing Valve and Piping Assembly in Cabinet - Finish Product,2460.2,2403.95
7-200B-102-PRV,Bath,Thermostatic Water Controllers,,Symmons TempControl® Hi-Low Thermostatic Mixing Valve and Piping System in Cabinet - Finish Product,6131.85,6505.4
7-200BW,Bath,Thermostatic Water Controllers,,Symmons TempControl® Thermostatic Mixing Valve and Piping Assembly in Cabinet with Cold Water By-Pass - Finish Product,3037.45,3326.5
7-200NW,Bath,Thermostatic Water Controllers,,Symmons TempControl® Thermostatic Mixing Valve Replacement Cartridge - Finish Product,837.25,920.9
7-400,Bath,Thermostatic Water Controllers,,Symmons TempControl® Thermostatic Mixing Valve  - Finish Product,1235.6,1392.35
7-400-102-PRV,Bath,Thermostatic Water Controllers,,Symmons TempControl® Hi-Low Thermostatic Mixing Valve and Piping System - Finish Product,4586.35,4874.8
7-400A,Bath,Thermostatic Water Controllers,,Symmons TempControl® Thermostatic Mixing Valve and Piping Assembly - Finish Product,2009.6,2030.65
7-400B,Bath,Thermostatic Water Controllers,,Symmons TempControl® Thermostatic Mixing Valve and Piping Assembly in Cabinet - Finish Product,2846.5,2939.05
7-400B-102-PRV,Bath,Thermostatic Water Controllers,,Symmons TempControl® Hi-Low Thermostatic Mixing Valve and Piping System in Cabinet - Finish Product,6652.45,7055.8
7-400BW,Bath,Thermostatic Water Controllers,,Symmons TempControl® Thermostatic Mixing Valve and Piping Assembly in Cabinet with Cold Water By-pass  - Finish Product,3567.4,3673.2
7-400NW,Bath,Thermostatic Water Controllers,,Symmons TempControl® Thermostatic Mixing Valve Replacement Cartridge - Finish Product,948.05,1042.75
7-500,Bath,Thermostatic Water Controllers,,Symmons TempControl® Thermostatic Mixing Valve - Finish Product,1452.15,1847.7
7-500-102-PRV,Bath,Thermostatic Water Controllers,,Symmons TempControl® Hi-Low Thermostatic Mixing Valve and Piping System - Finish Product,4966.35,5333.6
7-500A,Bath,Thermostatic Water Controllers,,Symmons TempControl® Thermostatic Mixing Valve and Piping Assembly - Finish Product,2469.9,2506.9
7-500B,Bath,Thermostatic Water Controllers,,Symmons TempControl® Thermostatic Mixing Valve and Piping Assembly in Cabinet - Finish Product,3223,3176.75
7-500B-102-PRV,Bath,Thermostatic Water Controllers,,Symmons TempControl® Hi-Low Thermostatic Mixing Valve and Piping System in Cabinet  - Finish Product,6742,7429.75
7-500BW,Bath,Thermostatic Water Controllers,,Symmons TempControl® Thermostatic Mixing Valve and Piping Assembly in Cabinet with Cold Water By-pass - Finish Product,4123.95,4295.15
7-500NW,Bath,Thermostatic Water Controllers,,Symmons TempControl® Thermostatic Mixing Valve Replacement Cartridge - Finish Product,948.05,1042.75
7-700,Bath,Thermostatic Water Controllers,,Symmons TempControl® Thermostatic Mixing Valve - Finish Product,1478.65,1877.25
7-700-102-PRV,Bath,Thermostatic Water Controllers,,Symmons TempControl® Hi-Low Thermostatic Mixing Valve and Piping System - Finish Product,5204.85,5561.85
7-700A,Bath,Thermostatic Water Controllers,,Symmons TempControl® Thermostatic Mixing Valve and Piping Assembly - Finish Product,2497.65,2669.6
7-700B,Bath,Thermostatic Water Controllers,,Symmons TempControl® Thermostatic Mixing Valve and Piping Assembly in Cabinet - Finish Product,3249.65,3338.3
7-700B-102-PRV,Bath,Thermostatic Water Controllers,,Symmons TempControl® Hi-Low Thermostatic Mixing Valve and Piping System in Cabinet - Finish Product,6916,7447.85
7-700BW,Bath,Thermostatic Water Controllers,,Symmons TempControl® Thermostatic Mixing Valve and Piping Assembly in Cabinet with Cold Water By-pass  - Finish Product,4173.85,4490.25
7-700NW,Bath,Thermostatic Water Controllers,,Symmons TempControl® Thermostatic Mixing Valve Replacement Cartridge - Finish Product,948.05,1042.75
7-900,Bath,Thermostatic Water Controllers,,Symmons TempControl® Thermostatic Mixing Valve - Finish Product,1689.6,2244.1
7-900-102-PRV,Bath,Thermostatic Water Controllers,,Symmons TempControl® Hi-Low Thermostatic Mixing Valve and Piping System - Finish Product,5211.65,5578.7
7-900-200-PRV,Bath,Thermostatic Water Controllers,,Symmons TempControl® Hi-Low Thermostatic Mixing Valve and Piping System - Finish Product,5323.35,5698.85
7-900A,Bath,Thermostatic Water Controllers,,Symmons TempControl® Thermostatic Mixing Valve and Piping Assembly - Finish Product,2836.55,3059.55
7-900B,Bath,Thermostatic Water Controllers,,Symmons TempControl® Thermostatic Mixing Valve and Piping Assembly in Cabinet - Finish Product,3759.05,3743.1
7-900B-102-PRV,Bath,Thermostatic Water Controllers,,Symmons TempControl® Hi-Low Thermostatic Mixing Valve and Piping System in Cabinet - Finish Product,7005.5,7472.15
7-900B-200-PRV,Bath,Thermostatic Water Controllers,,Symmons TempControl® Hi-Low Thermostatic Mixing Valve and Piping System in Cabinet - Finish Product,7309.7,7795.6
7-900BW,Bath,Thermostatic Water Controllers,,Symmons TempControl® Thermostatic Mixing Valve and Piping Assembly in Cabinet with Cold Water By-pass - Finish Product,4471.45,4850.75
7-900NW,Bath,Thermostatic Water Controllers,,Symmons TempControl® Thermostatic Mixing Valve Replacement Cartridge - Finish Product,1289.55,1418.5
C-96-300-B30-V-X,Bath,Hand Shower Systems|Shower and Tub Shower,,Symmons Temptrol® Commercial Hand Shower System - Finish Product,636.4,604.5
C-96-400-B30-V-X,Bath,Tub Hand Shower Systems|Shower and Tub Shower,,Symmons Temptrol® Commercial Tub/Hand Shower System - Finish Product,648.1,615.6
C-86-2-X,Bath,Tub Shower Valves|Shower and Tub Shower,,Symmons Temptrol® Commercial Tub/Shower Valve and Trim - Finish Product,270.6,256.85
C-96-2-X,Bath,Tub Shower Systems|Shower and Tub Shower,,Symmons Temptrol® Commercial Tub/Shower System - Finish Product,340,357.6
C-96-500-B30-V-X,Bath,Shower Hand Shower Systems|Shower and Tub Shower,,Symmons Temptrol® Commercial Shower/Hand Shower System - Finish Product,964.05,985.15
C-96-1-150-X,Bath,Shower Systems|Shower and Tub Shower,,Symmons Temptrol® Commercial Shower System - Finish Product,428.15,450
C-96-1-151-X,Bath,Shower Systems|Shower and Tub Shower,,Symmons Temptrol® Commercial Shower System - Finish Product,573.95,630.7
C-96-1-295-X,Bath,Shower Systems|Shower and Tub Shower,Traditional,Symmons Temptrol® Commercial Shower System - Finish Product,468.1,439.15
C-96-1-X,Bath,Shower Systems|Shower and Tub Shower,,Symmons Temptrol® Commercial Shower System - Finish Product,298.2,332.5
C-96-600-B30-V-X,Bath,Tub Shower Hand Shower Systems|Shower and Tub Shower,,Symmons Temptrol® Commercial Tub/Shower/Hand Shower System - Finish Product,1007.4,1026.2
S-6060-AC-12V,Bath,Sensor Faucets,,Symmons Ultra-Sense® AC Powered Sensor Faucet  - Finish Product,601.6,679.2
S-6060-AC-12V-G,Bath,Sensor Faucets,,Symmons Ultra-Sense® AC Powered Sensor Faucet - Finish Product,627.85,707.2
S-6060-ACM-12V,Bath,Sensor Faucets,,Symmons Ultra-Sense® AC Powered Sensor Faucet - Finish Product,490.9,609.7
S-6060-ACM-12V-G,Bath,Sensor Faucets,,Symmons Ultra-Sense® AC Powered Sensor Faucet - Finish Product,517.15,637.7
S-6080-AC-12V,Bath,Sensor Faucets,,Symmons Ultra-Sense® AC Powered Sensor Faucet - Finish Product,795.7,800.85
S-6080-AC-12V-G,Bath,Sensor Faucets,,Symmons Ultra-Sense® AC Powered Sensor Faucet - Finish Product,821.95,828.85
S-6080-ACM-12V,Bath,Sensor Faucets,,Symmons Ultra-Sense® AC Powered Sensor Faucet - Finish Product,685,731.35
S-6080-ACM-12V-G,Bath,Sensor Faucets,,Symmons Ultra-Sense® AC Powered Sensor Faucet - Finish Product,711.25,759.35
S-6095-AC-12V,Bath,Sensor Faucets,,Symmons Ultra-Sense® AC Powered Sensor Faucet - Finish Product,792.1,873.95
S-6095-AC-12V-G,Bath,Sensor Faucets,,Symmons Ultra-Sense® AC Powered Sensor Faucet - Finish Product,818.35,901.95
S-6095-ACM-12V,Bath,Sensor Faucets,,Symmons Ultra-Sense® AC Powered Sensor Faucet - Finish Product,681.4,804.45
S-6095-ACM-12V-G,Bath,Sensor Faucets,,Symmons Ultra-Sense® AC Powered Sensor Faucet - Finish Product,707.65,832.45
S-6098-AC-12V,Bath,Sensor Faucets,,Symmons Ultra-Sense® AC Powered Sensor Faucet - Finish Product,813.75,898.7
S-6098-AC-12V-G,Bath,Sensor Faucets,,Symmons Ultra-Sense® AC Powered Sensor Faucet - Finish Product,840,926.7
S-6098-ACM-12V,Bath,Sensor Faucets,,Symmons Ultra-Sense® AC Powered Sensor Faucet - Finish Product,703.05,829.2
S-6098-ACM-12V-G,Bath,Sensor Faucets,,Symmons Ultra-Sense® AC Powered Sensor Faucet - Finish Product,729.3,857.2
S-6060,Bath,Sensor Faucets,,Symmons Ultra-Sense® Battery Powered Sensor Faucet - Finish Product,490.9,558.7
S-6060-G,Bath,Sensor Faucets,,Symmons Ultra-Sense® Battery Powered Sensor Faucet - Finish Product,517.15,586.7
S-6080,Bath,Sensor Faucets,,Symmons Ultra-Sense® Battery Powered Sensor Faucet - Finish Product,685,705.65
S-6080-G,Bath,Sensor Faucets,,Symmons Ultra-Sense® Battery Powered Sensor Faucet - Finish Product,711.25,733.65
S-6095,Bath,Sensor Faucets,,Symmons Ultra-Sense® Battery Powered Sensor Faucet - Finish Product,681.4,779.55
S-6095-G,Bath,Sensor Faucets,,Symmons Ultra-Sense® Battery Powered Sensor Faucet - Finish Product,707.65,807.55
S-6098,Bath,Sensor Faucets,,Symmons Ultra-Sense® Battery Powered Sensor Faucet - Finish Product,703.05,804.35
S-6098-G,Bath,Sensor Faucets,,Symmons Ultra-Sense® Battery Powered Sensor Faucet - Finish Product,729.3,832.35
S-6244,Bath,,,Symmons Ultra-Sense® Termination Box - Finish Product,62.85,59.05
S-6240,Bath,,,Symmons Ultra-Sense® Transformer - Finish Product,146.15,137.6
S-6240-12V,Bath,,,Symmons Ultra-Sense® Transformer - Finish Product,146.15,137.6
SPB-3510-1.5,Kitchen,Bar Sink Faucets,Contemporary,Symmons Dia® Single Handle Bar Sink Faucet - Finish Product,235,250.95
SPB-3510-STN-1.5,Kitchen,Bar Sink Faucets,Contemporary,Symmons Dia® Single Handle Bar Sink Faucet - Finish Product,305.5,326.25
,,,,Sample test demo product - Finish Product,,
S-9612-1.5,Bath,Single Handle Faucets|Lavatory Faucets,Transitional,Symmons Origins® Single Handle Lavatory Faucet - Finish Product,59.75,65.7
S-9612-STN-1.5,Bath,Single Handle Faucets|Lavatory Faucets,Transitional,Symmons Origins® Single Handle Lavatory Faucet - Finish Product,79.45,92
S-9610-1.5,Bath,Single Handle Faucets|Lavatory Faucets,Transitional,Symmons Origins® Single Handle Lavatory Faucet - Finish Product,53.05,58.4
S-9610-STN-1.5,Bath,Single Handle Faucets|Lavatory Faucets,Transitional,Symmons Origins® Single Handle Lavatory Faucet - Finish Product,72.8,84.65
SLC-9612-1.5,Bath,Centerset Faucets|Lavatory Faucets|Two Handle Faucets,Transitional,Symmons Origins® Two Handle Centerset Lavatory Faucet - Finish Product,66.95,73.65
SLC-9612-STN-1.5,Bath,Centerset Faucets|Lavatory Faucets|Two Handle Faucets,Transitional,Symmons Origins® Two Handle Centerset Lavatory Faucet - Finish Product,89.05,103.1
SLC-9610-1.5,Bath,Centerset Faucets|Lavatory Faucets|Two Handle Faucets,Transitional,Symmons Origins® Two Handle Centerset Lavatory Faucet - Finish Product,60.25,66.3
SLC-9610-STN-1.5,Bath,Centerset Faucets|Lavatory Faucets|Two Handle Faucets,Transitional,Symmons Origins® Two Handle Centerset Lavatory Faucet - Finish Product,82.35,95.8
S-9601-P,Bath,Shower Systems|Shower and Tub Shower,Transitional,Symmons Origins® Shower System - Finish Product,221.2,235.5
S-9601-PLR,Bath,Shower Systems|Shower and Tub Shower,Transitional,Symmons Origins® Shower System - Finish Product,237.2,255.3
S-9601-PLR-STN,Bath,Shower Systems|Shower and Tub Shower,Transitional,Symmons Origins® Shower System - Finish Product,277.9,297.85
S-9602-P,Bath,Tub Shower Systems|Shower and Tub Shower,Transitional,Symmons Origins® Tub/Shower System - Finish Product,232.95,248.4
S-9602-PLR,Bath,Tub Shower Systems|Shower and Tub Shower,Transitional,Symmons Origins® Tub/Shower System - Finish Product,251,268.4
S-9602-PLR-STN,Bath,Tub Shower Systems|Shower and Tub Shower,Transitional,Symmons Origins® Tub/Shower System - Finish Product,294.4,316
S-9603-PLR,Bath,Hand Shower Systems|Shower and Tub Shower,Transitional,Symmons Origins® Hand Shower System - Finish Product,488.7,529.7
S-9603-PLR-STN,Bath,Hand Shower Systems|Shower and Tub Shower,Transitional,Symmons Origins® Hand Shower System - Finish Product,627.15,682
S-9604-PLR,Bath,Tub Hand Shower Systems|Shower and Tub Shower,Transitional,Symmons Origins® Tub/Hand Shower System - Finish Product,503.5,546.05
S-9604-PLR-STN,Bath,Tub Hand Shower Systems|Shower and Tub Shower,Transitional,Symmons Origins® Tub/Hand Shower System - Finish Product,647.9,704.85
S-9606-PLR,Bath,Tub Shower Hand Shower Systems|Shower and Tub Shower,Transitional,Symmons Origins® Tub/Shower/Hand Shower System - Finish Product,740.3,806.55
S-9606-PLR-STN,Bath,Tub Shower Hand Shower Systems|Shower and Tub Shower,Transitional,Symmons Origins® Tub/Shower/Hand Shower System - Finish Product,901.3,1015.1
S-9600-P,Bath,Shower Valves|Shower and Tub Shower,Transitional,Symmons Origins® Shower Valve and Trim - Finish Product,204.1,216.7
S-9600TS-P,Bath,Tub Shower Valves|Shower and Tub Shower,Transitional,Symmons Origins® Tub/Shower Valve and Trim - Finish Product,204.1,216.7
S-9600-PLR,Bath,Shower Valves|Shower and Tub Shower,Transitional,Symmons Origins® Shower Valve and Trim - Finish Product,222.15,216.7
S-9600-PLR-STN,Bath,Shower Valves|Shower and Tub Shower,Transitional,Symmons Origins® Shower Valve and Trim - Finish Product,247.55,264.45
S-9600TS-PLR,Bath,Tub Shower Valves|Shower and Tub Shower,Transitional,Symmons Origins® Tub/Shower Valve and Trim - Finish Product,222.15,216.7
S-9600TS-PLR-STN,Bath,Tub Shower Valves|Shower and Tub Shower,Transitional,Symmons Origins® Tub/Shower Valve and Trim - Finish Product,247.55,264.45
9601-P,Bath,Shower Systems|Shower and Tub Shower,Transitional,Symmons Origins® Shower System - Finish Product,113,132.3
9601-PLR,Bath,Shower Systems|Shower and Tub Shower,Transitional,Symmons Origins® Shower System - Finish Product,131.05,152.1
9601-PLR-STN,Bath,Shower Systems|Shower and Tub Shower,Transitional,Symmons Origins® Shower System - Finish Product,152.2,175.4
9602-P,Bath,Tub Shower Systems|Shower and Tub Shower,Transitional,Symmons Origins® Tub/Shower System - Finish Product,118.3,138.1
9602-PLR,Bath,Tub Shower Systems|Shower and Tub Shower,Transitional,Symmons Origins® Tub/Shower System - Finish Product,134.3,155.65
9602-PLR-STN,Bath,Tub Shower Systems|Shower and Tub Shower,Transitional,Symmons Origins® Tub/Shower System - Finish Product,156.75,180.4
9603-PLR,Bath,Hand Shower Systems|Shower and Tub Shower,Transitional,Symmons Origins® Hand Shower System - Finish Product,341.95,384.1
9603-PLR-STN,Bath,Hand Shower Systems|Shower and Tub Shower,Transitional,Symmons Origins® Hand Shower System - Finish Product,447.45,500.15
9604-PLR,Bath,Tub Hand Shower Systems|Shower and Tub Shower,Transitional,Symmons Origins® Tub/Hand Shower System - Finish Product,362.7,406.95
9604-PLR-STN,Bath,Tub Hand Shower Systems|Shower and Tub Shower,Transitional,Symmons Origins® Tub/Hand Shower System - Finish Product,476.45,532.05
9605-PLR,Bath,Shower Hand Shower Systems|Shower and Tub Shower,Transitional,Symmons Origins® Shower/Hand Shower System - Finish Product,558.15,621.95
9605-PLR-STN,Bath,Shower Hand Shower Systems|Shower and Tub Shower,Transitional,Symmons Origins® Shower/Hand Shower System - Finish Product,700.65,778.7
9606-PLR,Bath,Tub Shower Hand Shower Systems|Shower and Tub Shower,Transitional,Symmons Origins® Tub/Shower/Hand Shower System - Finish Product,601.2,669.3
9606-PLR-STN,Bath,Tub Shower Hand Shower Systems|Shower and Tub Shower,Transitional,Symmons Origins® Tub/Shower/Hand Shower System - Finish Product,748.55,831.4
9600-P,Bath,Tub Shower Valves|Shower and Tub Shower,Transitional,Symmons Origins® Shower Valve and Trim - Finish Product,99.05,116.95
9600-PLR,Bath,Tub Shower Valves|Shower and Tub Shower,Transitional,Symmons Origins® Tub/Shower Valve and Trim - Finish Product,117.1,136.75
9600-PLR-STN,Bath,Tub Shower Valves|Shower and Tub Shower,Transitional,Symmons Origins® Tub/Shower Valve and Trim - Finish Product,132.65,153.9
S-6612-1.5,Bath,Single Handle Faucets|Lavatory Faucets,Transitional,Symmons Unity® Single Handle Centerset Lavatory Faucet - Finish Product,130,143
S-6612-STN-1.5,Bath,Single Handle Faucets|Lavatory Faucets,Transitional,Symmons Unity® Single Handle Centerset Lavatory Faucet - Finish Product,172.9,200.2
S-6610-1.5,Bath,Single Handle Faucets|Lavatory Faucets,Transitional,Symmons Unity® Single Handle Centerset Lavatory Faucet - Finish Product,125.5,138.05
S-6610-STN-1.5,Bath,Single Handle Faucets|Lavatory Faucets,Transitional,Symmons Unity® Single Handle Centerset Lavatory Faucet - Finish Product,169,185.9
SLC-6610-1.5,Bath,Centerset Faucets|Lavatory Faucets|Two Handle Faucets,Transitional,Symmons Unity® Two Handle Centerset Lavatory Faucet - Finish Product,124,136.4
SLC-6610-STN-1.5,Bath,Centerset Faucets|Lavatory Faucets|Two Handle Faucets,Transitional,Symmons Unity® Two Handle Centerset Lavatory Faucet - Finish Product,166,182.6
SLC-6612-1.5,Bath,Centerset Faucets|Lavatory Faucets|Two Handle Faucets,Transitional,Symmons Unity® Two Handle Centerset Lavatory Faucet - Finish Product,127.5,140.25
SLC-6612-STN-1.5,Bath,Centerset Faucets|Lavatory Faucets|Two Handle Faucets,Transitional,Symmons Unity® Two Handle Centerset Lavatory Faucet - Finish Product,169.6,196.35
SLW-6612-1.5,Bath,Widespread Faucets|Lavatory Faucets|Two Handle Faucets,Transitional,Symmons Unity® Two Handle Widespread Lavatory Faucet - Finish Product,185,203.5
SLW-6612-STN-1.5,Bath,Widespread Faucets|Lavatory Faucets|Two Handle Faucets,Transitional,Symmons Unity® Two Handle Widespread Lavatory Faucet - Finish Product,246.05,284.9
6601,Bath,Shower Systems|Shower and Tub Shower,Transitional,Symmons Unity® Shower System - Finish Product,198.9,211.2
6601-STN,Bath,Shower Systems|Shower and Tub Shower,Transitional,Symmons Unity® Shower System - Finish Product,226.3,241.3
S-6601,Bath,Shower Systems|Shower and Tub Shower,Transitional,Symmons Unity® Shower System - Finish Product,239.9,256.3
S-6601-STN,Bath,Shower Systems|Shower and Tub Shower,Transitional,Symmons Unity® Shower System - Finish Product,280.7,301.15
6602,Bath,Tub Shower Systems|Shower and Tub Shower,Transitional,Symmons Unity® Tub/Shower System - Finish Product,205.55,218.5
6602-STN,Bath,Tub Shower Systems|Shower and Tub Shower,Transitional,Symmons Unity® Tub/Shower System - Finish Product,235.6,251.5
S-6602,Bath,Tub Shower Systems|Shower and Tub Shower,Transitional,Symmons Unity® Tub/Shower System - Finish Product,250.45,267.9
S-6602-STN,Bath,Tub Shower Systems|Shower and Tub Shower,Transitional,Symmons Unity® Tub/Shower System - Finish Product,295.5,317.4
6603,Bath,Hand Shower Systems|Shower and Tub Shower,Transitional,Symmons Unity® Hand Shower System - Finish Product,356.8,384.9
6603-STN,Bath,Hand Shower Systems|Shower and Tub Shower,Transitional,Symmons Unity® Hand Shower System - Finish Product,447.35,484.45
S-6603,Bath,Hand Shower Systems|Shower and Tub Shower,Transitional,Symmons Unity® Hand Shower System - Finish Product,389.05,420.35
S-6603-STN,Bath,Hand Shower Systems|Shower and Tub Shower,Transitional,Symmons Unity® Hand Shower System - Finish Product,489.5,530.8
6604,Bath,Tub Hand Shower Systems|Shower and Tub Shower,Transitional,Symmons Unity® Tub/Hand Shower System - Finish Product,379.3,409.65
6604-STN,Bath,Tub Hand Shower Systems|Shower and Tub Shower,Transitional,Symmons Unity® Tub/Hand Shower System - Finish Product,478.85,519.1
S-6604,Bath,Tub Hand Shower Systems|Shower and Tub Shower,Transitional,Symmons Unity® Tub/Hand Shower System S-6604 - Finish Product,402.2,434.85
S-6604-STN,Bath,Tub Hand Shower Systems|Shower and Tub Shower,Transitional,Symmons Unity® Tub/Hand Shower System S-6604 - Finish Product,507.95,551.1
6605,Bath,Shower Hand Shower Systems|Shower and Tub Shower,Transitional,Symmons Unity® Shower/Hand Shower System - Finish Product,577.3,759.45
6605-STN,Bath,Shower Hand Shower Systems|Shower and Tub Shower,Transitional,Symmons Unity® Shower/Hand Shower System - Finish Product,708.05,771.2
6606,Bath,Tub Shower Hand Shower Systems|Shower and Tub Shower,Transitional,Symmons Unity® Tub/Shower/Hand Shower System - Finish Product,620.45,674.85
6606-STN,Bath,Tub Shower Hand Shower Systems|Shower and Tub Shower,Transitional,Symmons Unity® Tub/Shower/Hand Shower System - Finish Product,756.5,824.55
S-6600,Bath,Shower and Tub Shower|Shower Valves,Transitional,Symmons Unity® Shower Valve and Trim - Finish Product,213.5,227.25
S-6600-STN,Bath,Shower and Tub Shower|Shower Valves,Transitional,Symmons Unity® Shower Valve and Trim - Finish Product,243.75,260.5
S-6600TS,Bath,Shower and Tub Shower|Tub Shower Valves,Transitional,Symmons Unity® Tub/Shower Valve and Trim - Finish Product,213.5,227.25
S-6600TS-STN,Bath,Shower and Tub Shower|Tub Shower Valves,Transitional,Symmons Unity® Tub/Shower Valve and Trim - Finish Product,243.75,260.5
6600,Bath,Tub Shower Valves|Shower and Tub Shower,Transitional,Symmons Unity® Shower Valve and Trim - Finish Product,176.9,187
6600-STN,Bath,Tub Shower Valves|Shower and Tub Shower,Transitional,Symmons Unity® Shower Valve and Trim - Finish Product,195.5,207.45
663RH,Bath,Bath Accessories,Transitional,Symmons Unity® Robe Hook - Finish Product,12.5,13.75
663RH-STN,Bath,Bath Accessories,Transitional,Symmons Unity® Robe Hook - Finish Product,17.5,19.25
663TB-18,Bath,Bath Accessories,Transitional,Symmons Unity® Towel Bar - Finish Product,22.5,24.75
663TB-18-STN,Bath,Bath Accessories,Transitional,Symmons Unity® Towel Bar - Finish Product,31.5,34.65
663TB-24,Bath,Bath Accessories,Transitional,"Symmons Unity® Towel Bar (24"") - Finish Product",26.5,29.15
663TB-24-STN,Bath,Bath Accessories,Transitional,"Symmons Unity® Towel Bar (24"") - Finish Product",37.1,40.8
663TP,Bath,Bath Accessories,Transitional,Symmons Unity® Toilet Paper Holder - Finish Product,25,27.5
663TR-STN,Bath,Bath Accessories,Transitional,Symmons Unity® Toilet Paper Holder - Finish Product,31.5,34.65
663TR,Bath,Bath Accessories,Transitional,Symmons Unity® Towel Holder - Finish Product,22.5,24.75
663TR-STN,Bath,Bath Accessories,Transitional,Symmons Unity® Towel Holder - Finish Product,31.5,34.65
66-2DIV,Bath,Diverter Valves|Shower and Tub Shower,Transitional,Symmons Unity® Dual Outlet Diverter - Finish Product,234.9,241.55
66-2DIV-STN,Bath,Diverter Valves|Shower and Tub Shower,Transitional,Symmons Unity® Dual Outlet Diverter - Finish Product,280.9,290.2
66-3DIV,Bath,Diverter Valves|Shower and Tub Shower,Transitional,Symmons Unity® Triple Outlet Diverter - Finish Product,264.9,271.55
66-3DIV-STN,Bath,Diverter Valves|Shower and Tub Shower,Transitional,Symmons Unity® Triple Outlet Diverter - Finish Product,310.9,320.2
96-2DIV-PLR,Bath,Diverter Valves|Shower and Tub Shower,Transitional,Symmons Origins® Dual Outlet Diverter - Finish Product,213.6,237.95
96-2DIV-PLR-STN,Bath,Diverter Valves|Shower and Tub Shower,Transitional,Symmons Origins® Dual Outlet Diverter - Finish Product,251.05,278.7
96-3DIV-PLR,Bath,Diverter Valves|Shower and Tub Shower,Transitional,Symmons Origins® Triple Outlet Diverter - Finish Product,243.6,271.9
96-3DIV-PLR-STN,Bath,Diverter Valves|Shower and Tub Shower,Transitional,Symmons Origins® Triple Outlet Diverter - Finish Product,281.05,312.1
SPP-3510,Kitchen,Kitchen Faucets|Single Handle Kitchen Faucets,Contemporary,Symmons Dia® Single Handle Kitchen Faucet - Finish Product,321.95,343.8
SPP-3510-STN,Kitchen,Kitchen Faucets|Single Handle Kitchen Faucets,Contemporary,Symmons Dia® Single Handle Kitchen Faucet - Finish Product,418.55,447
SK-6600,Kitchen,Kitchen Faucets|Single Handle Kitchen Faucets,Transitional,Symmons Unity® Single Handle Kitchen Faucet - Finish Product,163,179.3
SK-6600-STN,Kitchen,Kitchen Faucets|Single Handle Kitchen Faucets,Transitional,Symmons Unity® Single Handle Kitchen Faucet - Finish Product,216.8,251.05
SK-6600-STS,Kitchen,Kitchen Faucets|Single Handle Kitchen Faucets,Transitional,Symmons Unity® Single Handle Kitchen Faucet - Finish Product,216.8,251.05
S-2660,Kitchen,Kitchen Faucets|Single Handle Kitchen Faucets,Contemporary,Symmons Dia® Single Handle Kitchen Faucet - Finish Product,276.05,317.4
,,Kitchen Faucets,Contemporary,Symmons Design Studio™ Gallery 42nd Street Single Handle Kitchen Faucet - Finish Product,0,0
SK-3500,Kitchen,Kitchen Faucets,Contemporary,Symmons Design Studio™ Gallery Newbury Street Single Handle Kitchen Faucet - Finish Product,292,321.2
SK-3500-2,Kitchen,Kitchen Faucets|Single Handle Kitchen Faucets,Contemporary,Symmons Design Studio™ Gallery Newbury Street Single Handle Kitchen Faucet - Finish Product,319,350.9
SLS-4310-EXT-1.5,Bath,Single Handle Faucets|Lavatory Faucets,Contemporary,Symmons Design Studio™ Gallery Michigan Avenue Single Handle Lavatory Faucet - Finish Product,389.65,428.65
SLW-8702-1.5,Bath,Widespread Faucets|Lavatory Faucets|Two Handle Faucets,Traditional,Symmons Design Studio™ Gallery Times Square Two Handle Lavatory Faucet - Finish Product,502.35,552.6
SLW-8602-1.5,Bath,Widespread Faucets|Lavatory Faucets|Two Handle Faucets,Contemporary,Symmons Design Studio™ Gallery 42nd Street Two Handle Widespread Lavatory Faucet - Finish Product,545,599.5
SLW-7702-1.5,Bath,Widespread Faucets|Lavatory Faucets|Two Handle Faucets,Contemporary,Symmons Design Studio™ Gallery Liberty Street Two Handle Widespread Lavatory Faucet - Finish Product,456,501.6
SLW-7302-TCR-1.5,Bath,Widespread Faucets|Lavatory Faucets|Two Handle Faucets,Contemporary,Symmons Design Studio™ Gallery Aloha Avenue Two Handle Widespread Lavatory Faucet - Finish Product,385,423.5
SLW-3632-CX-1.5,Bath,Widespread Faucets|Lavatory Faucets|Two Handle Faucets,Contemporary,Symmons Design Studio™ Gallery Rue Crescent Two Handle Widespread Lavatory Faucet - Finish Product,481,527.85
S-3632-361SH,Bath,Tub Shower Systems,Contemporary,Symmons Design Studio™ Gallery Rue Crescent Tub/Shower System - Finish Product,615,650
SLW-8802-1.5,Bath,Widespread Faucets|Two Handle Faucets|Lavatory Faucets,Traditional,Symmons Design Studio™ Gallery Two Handle Widespread Lavatory Faucet - Finish Product,525.4,577.95
SLC-8802-1.5,Bath,Centerset Faucets|Two Handle Faucets|Lavatory Faucets,Traditional,Symmons Design Studio™ Gallery Bourbon Street Two Handle Centerset Lavatory Faucet - Finish Product,525.4,577.95
S-4001-X-BODY,Bath,Tub Shower Valve Bodies,,Symmons Temptrol® Shower Valve Body  - Finish Product,153.9,169.3
S-4001-BODY,Bath,Tub Shower Valve Bodies,,Symmons Temptrol® Shower Valve Body  - Finish Product,126.05,138.7
4000-X-BODY,Bath,Tub Shower Valve Bodies,,Symmons Temptrol® Tub/Shower Valve Body - Finish Product,106,121.9
4000-BODY,Bath,Tub Shower Valve Bodies,,Symmons Temptrol® Tub/Shower Valve Body - Finish Product,90,103.5
S-4002-X-BODY,Bath,Tub Shower Valve Bodies,,Symmons Temptrol® Tub/Shower Valve Body - Finish Product,153.9,169.3
S-4002-BODY,Bath,Tub Shower Valve Bodies,,Symmons Temptrol® Tub/Shower Valve Body  - Finish Product,126.05,138.7
2DIV-BODY,Bath,Tub Shower Valve Bodies,,Symmons Dual Outlet Diverter Valve Body - Finish Product,120,132
3DIV-BODY,Bath,Tub Shower Valve Bodies,,Symmons Triple Outlet Diverter Valve Body  - Finish Product,150,165
W-400,,Washing Machine Valves,,Symmons Laundry-Mate® Washing Machine Valve - Finish Product,61.4,61.45
ADACHS,Bath,Hand Showers,,Symmons Hand Shower - Finish Product,61.85,68.05
ADACHS-STN,Bath,Hand Showers,,Symmons Hand Shower - Finish Product,86.6,95.3
ADACHS-WHT,Bath,Hand Showers,,Symmons Hand Shower - Finish Product,45.45,49.5
EF-100,Bath,Hand Showers,Transitional,Symmons Hand Shower - Finish Product,61.5,74.9
EF-100-STN,Bath,Hand Showers,Transitional,Symmons Hand Shower - Finish Product,129.4,136.8
SLS-6712-1.5,Bath,Lavatory Faucets|Single Handle Faucets,Contemporary,Symmons Identity™ Single Handle Lavatory Faucet - Finish Product,157.9,173.7
SLS-6712-STN-1.5,Bath,Lavatory Faucets|Single Handle Faucets,Contemporary,Symmons Identity™ Single Handle Lavatory Faucet - Finish Product,221.1,243.2
SLS-6710-1.5,Bath,Lavatory Faucets|Single Handle Faucets,Contemporary,Symmons Identity™ Single Handle Lavatory Faucet - Finish Product,140.45,154.5
SLS-6710-STN-1.5,Bath,Lavatory Faucets|Single Handle Faucets,Contemporary,Symmons Identity™ Single Handle Lavatory Faucet - Finish Product,196.65,216.3
SLC-6712-1.5,Bath,Lavatory Faucets|Centerset Faucets,Contemporary,Symmons Identity™ Two Handle Centerset Lavatory Faucet - Finish Product,133.9,147.3
SLC-6712-STN-1.5,Bath,Lavatory Faucets|Centerset Faucets,Contemporary,Symmons Identity™ Two Handle Centerset Lavatory Faucet - Finish Product,187.5,206.25
SLC-6710-1.5,Bath,Centerset Faucets|Lavatory Faucets,Contemporary,Symmons Identity™ Two Handle Centerset Lavatory Faucet - Finish Product,130.2,143.3
SLC-6710-STN-1.5,Bath,Centerset Faucets|Lavatory Faucets,Contemporary,Symmons Identity™ Two Handle Centerset Lavatory Faucet - Finish Product,182.3,200.6
SLW-6712-1.5,Bath,Centerset Faucets|Lavatory Faucets,Contemporary,Symmons Identity™ Two Handle Widespread Lavatory Faucet - Finish Product,194.25,213.7
SLW-6712-STN-1.5,Bath,Centerset Faucets|Lavatory Faucets,Contemporary,Symmons Identity™ Two Handle Widespread Lavatory Faucet - Finish Product,271.95,299.2
S-6701,Bath,Shower Systems|Shower and Tub Shower,Contemporary,Symmons Identity™ Shower System - Finish Product,245,261.9
S-6701-STN,Bath,Shower Systems|Shower and Tub Shower,Contemporary,Symmons Identity™ Shower System - Finish Product,287.85,309.05
6701,Bath,Shower Systems|Shower and Tub Shower,Contemporary,Symmons Identity™ Shower System - Finish Product,202.35,214.95
6701-STN,Bath,Shower Systems|Shower and Tub Shower,Contemporary,Symmons Identity™ Shower System - Finish Product,231.15,246.6
S-6702,Bath,Tub Shower Systems|Shower and Tub Shower,Contemporary,Symmons Identity™ Tub/Shower System - Finish Product,256.1,274.1
S-6702-STN,Bath,Tub Shower Systems|Shower and Tub Shower,Contemporary,Symmons Identity™ Tub/Shower System - Finish Product,303.4,326.1
6702,Bath,Tub Shower Systems|Shower and Tub Shower,Contemporary,Symmons Identity™ Tub/Shower System - Finish Product,209.35,222.65
6702-STN,Bath,Tub Shower Systems|Shower and Tub Shower,Contemporary,Symmons Identity™ Tub/Shower System - Finish Product,240.95,257.35
S-6703,Bath,Hand Shower Systems|Shower and Tub Shower,Contemporary,Symmons Identity™ Hand Shower System - Finish Product,401.65,434.25
S-6703-STN,Bath,Hand Shower Systems|Shower and Tub Shower,Contemporary,Symmons Identity™ Hand Shower System - Finish Product,507.15,550.3
6703,Bath,Hand Shower Systems|Shower and Tub Shower,Contemporary,Symmons Identity™ Hand Shower System - Finish Product,368.15,397.35
6703-STN,Bath,Hand Shower Systems|Shower and Tub Shower,Contemporary,Symmons Identity™ Hand Shower System - Finish Product,463.25,501.95
S-6704,Bath,Tub Hand Shower Systems|Shower and Tub Shower,Contemporary,Symmons Identity™ Tub/Hand Shower System - Finish Product,415.4,449.35
S-6704-STN,Bath,Tub Hand Shower Systems|Shower and Tub Shower,Contemporary,Symmons Identity™ Tub/Hand Shower System - Finish Product,526.4,571.45
6704,Bath,Tub Hand Shower Systems|Shower and Tub Shower,Contemporary,Symmons Identity™ Tub/Hand Shower System - Finish Product,392.4,423.3
6704-STN,Bath,Tub Hand Shower Systems|Shower and Tub Shower,Contemporary,Symmons Identity™ Tub/Hand Shower System - Finish Product,497.2,538.3
6705,Bath,Shower Hand Shower Systems|Shower and Tub Shower,Contemporary,Symmons Identity™ Shower/Hand Shower System - Finish Product,593.65,645.4
6705-STN,Bath,Shower Hand Shower Systems|Shower and Tub Shower,Contemporary,Symmons Identity™ Shower/Hand Shower System - Finish Product,730.95,796.4
6706,Bath,Tub Shower Hand Shower Systems|Shower and Tub Shower,Contemporary,Symmons Identity™ Tub/Shower/Hand Shower System - Finish Product,637.45,665.2
6706-STN,Bath,Tub Shower Hand Shower Systems|Shower and Tub Shower,Contemporary,Symmons Identity™ Tub/Shower/Hand Shower System - Finish Product,780.3,850.7
S-6700,Bath,Shower Valves|Shower and Tub Shower,Contemporary,Symmons Identity™ Shower Valve and Trim - Finish Product,217.3,231.4
S-6700-STN,Bath,Shower Valves|Shower and Tub Shower,Contemporary,Symmons Identity™ Shower Valve and Trim - Finish Product,249.05,266.35
S-6700TS,Bath,Tub Shower Valves|Shower and Tub Shower,Contemporary,Symmons Identity™ Tub/Shower Valve and Trim - Finish Product,217.3,231.4
S-6700TS-STN,Bath,Tub Shower Valves|Shower and Tub Shower,Contemporary,Symmons Identity™ Tub/Shower Valve and Trim - Finish Product,249.05,266.35
6700,Bath,Shower Valves|Shower and Tub Shower,Contemporary,Symmons Identity™ Valve and Trim - Finish Product,179.25,189.5
6700-STN,Bath,Shower Valves|Shower and Tub Shower,Contemporary,Symmons Identity™ Valve and Trim - Finish Product,198.8,211
67-2DIV,Bath,Diverter Valves|Shower and Tub Shower,Contemporary,Symmons Identity™ Dual Outlet Diverter - Finish Product,240.7,247.95
67-2DIV-STN,Bath,Diverter Valves|Shower and Tub Shower,Contemporary,Symmons Identity™ Dual Outlet Diverter - Finish Product,288.95,298.75
67-3DIV,Bath,Diverter Valves|Shower and Tub Shower,Contemporary,Symmons Identity™ Triple Outlet Diverter - Finish Product,270.95,277.95
67-3DIV-STN,Bath,Diverter Valves|Shower and Tub Shower,Contemporary,Symmons Identity™ Triple Outlet Diverter - Finish Product,318.95,328.75
673TB-18,Bath,Bath Accessories,Contemporary,"Symmons Identity™ Towel Bar (18"") - Finish Product",23.65,26.05
673TB-18-STN,Bath,Bath Accessories,Contemporary,"Symmons Identity™ Towel Bar (18"") - Finish Product",33.1,36.45
673TB-24,Bath,Bath Accessories,Contemporary,"Symmons Identity™ Towel Bar (24"") - Finish Product",27.85,30.65
673TB-24-STN,Bath,Bath Accessories,Contemporary,"Symmons Identity™ Towel Bar (24"") - Finish Product",39,42.9
673RH,Bath,Bath Accessories,Contemporary,Symmons Identity™ Robe Hook - Finish Product,13.15,14.5
673RH-STN,Bath,Bath Accessories,Contemporary,Symmons Identity™ Robe Hook - Finish Product,18.4,20.25
673TR,Bath,Bath Accessories,Contemporary,Symmons Identity™ Towel Ring - Finish Product,23.65,26.05
673TR-STN,Bath,Bath Accessories,Contemporary,Symmons Identity™ Towel Ring - Finish Product,33.1,36.45
673TP,Bath,Bath Accessories,Contemporary,Symmons Identity™ Toilet Paper Holder - Finish Product,26.25,28.9
673TP-STN,Bath,Bath Accessories,Contemporary,Symmons Identity™ Toilet Paper Holder - Finish Product,36.75,40.45
SLC-6000-G,Bath,Lavatory Faucets|Metering Faucets,Contemporary,Symmons SCOT®/Metering Faucet - Finish Product,299.2,461
SLC-6000,Bath,Lavatory Faucets|Metering Faucets,Contemporary,Symmons SCOT®/Metering Faucet - Finish Product,289.7,453.9
SLC-6000-DP,Bath,Lavatory Faucets|Metering Faucets,Contemporary,Symmons SCOT®/Metering Faucet - Finish Product,363.2,534.75
SLS-7000,Bath,Lavatory Faucets|Metering Faucets,Contemporary,Symmons Metering Faucet - Finish Product,122.45,189.2
SLS-7000-G,Bath,Lavatory Faucets|Metering Faucets,Contemporary,Symmons Metering Faucet - Finish Product,131.95,196.3
SLS-7000-DP4,Bath,Lavatory Faucets|Metering Faucets,Contemporary,Symmons Metering Faucet - Finish Product,159.2,229.65
SLS-7000-DP4-G,Bath,Lavatory Faucets|Metering Faucets,Contemporary,Symmons Metering Faucet - Finish Product,168.7,236.75
SLS-7000-MV,Bath,Lavatory Faucets|Metering Faucets,Contemporary,Symmons Metering Faucet - Finish Product,178.95,251.35
SLS-7000-MV-G,Bath,Lavatory Faucets|Metering Faucets,Contemporary,Symmons Metering Faucet - Finish Product,188.45,258.45
2DIV-BODY-NS,Bath,Tub Shower Valve Bodies,,Symmons Dual Outlet Diverter Valve Body - Finish Product,120,132
3DIV-BODY-NS,Bath,Tub Shower Valve Bodies,,Symmons Triple Outlet Diverter Valve Body - Finish Product,150,165
672SH,Bath,Showerheads,Contemporary,Symmons 1 Mode Showerhead (Ball Joint Type) - Finish Product,37.1,40.85
672SH-STN,Bath,Showerheads,Contemporary,Symmons 1 Mode Showerhead (Ball Joint Type) - Finish Product,59.35,65.3
